,seed,noise_snr,noise_test,accuracy
0,0,,Noiseless,0.9621676891615542
1,1,,Noiseless,0.9623721881390593
2,2,,Noiseless,0.9613496932515337
3,3,,Noiseless,0.9644171779141104
4,4,,Noiseless,0.9611451942740287
5,5,,Noiseless,0.9623721881390593
6,6,,Noiseless,0.9609406952965235
7,7,,Noiseless,0.96359918200409
8,8,,Noiseless,0.9623721881390593
9,9,,Noiseless,0.961758691206544
10,10,,Noiseless,0.9615541922290388
11,11,,Noiseless,0.9638036809815951
12,12,,Noiseless,0.9652351738241309
13,13,,Noiseless,0.9625766871165644
14,14,,Noiseless,0.9660531697341513
15,15,,Noiseless,0.96359918200409
16,16,,Noiseless,0.9613496932515337
17,17,,Noiseless,0.9621676891615542
18,18,,Noiseless,0.9650306748466257
19,19,,Noiseless,0.9621676891615542
20,20,,Noiseless,0.9621676891615542
21,21,,Noiseless,0.9595092024539877
22,22,,Noiseless,0.9656441717791411
23,23,,Noiseless,0.9625766871165644
24,24,,Noiseless,0.9621676891615542
25,0,24,white,0.9386503067484663
26,0,24,pink,0.9458077709611452
27,0,24,babble,0.9546012269938651
28,0,24,kitchen,0.9539877300613497
29,0,24,office,0.9593047034764827
30,0,24,living,0.9578732106339468
31,0,21,white,0.9265848670756647
32,0,21,pink,0.9343558282208589
33,0,21,babble,0.9501022494887525
34,0,21,kitchen,0.9503067484662576
35,0,21,office,0.9568507157464212
36,0,21,living,0.9572597137014315
37,0,18,white,0.9042944785276074
38,0,18,pink,0.9151329243353783
39,0,24,white,0.9421267893660532
40,1,24,white,0.9470347648261759
41,2,24,white,0.9425357873210634
42,3,24,white,0.9449897750511247
43,4,24,white,0.9421267893660532
44,5,24,white,0.945398773006135
45,6,24,white,0.9423312883435583
46,7,24,white,0.9429447852760736
47,8,24,white,0.9386503067484663
48,9,24,white,0.943762781186094
49,10,24,white,0.9404907975460123
50,11,24,white,0.947239263803681
51,12,24,white,0.943558282208589
52,13,24,white,0.9462167689161555
53,14,24,white,0.9486707566462168
54,15,24,white,0.9388548057259714
55,16,24,white,0.9425357873210634
56,17,24,white,0.943558282208589
57,18,24,white,0.9386503067484663
58,19,24,white,0.9462167689161555
59,20,24,white,0.9396728016359919
60,21,24,white,0.943558282208589
61,22,24,white,0.947239263803681
62,23,24,white,0.9451942740286299
63,24,24,white,0.943558282208589
64,0,24,pink,0.93640081799591
65,1,24,pink,0.9484662576687116
66,2,24,pink,0.9466257668711656
67,3,24,pink,0.9433537832310839
68,4,24,pink,0.9384458077709611
69,5,24,pink,0.9423312883435583
70,6,24,pink,0.9431492842535787
71,7,24,pink,0.9411042944785276
72,8,24,pink,0.9425357873210634
73,9,24,pink,0.9433537832310839
74,10,24,pink,0.9451942740286299
75,11,24,pink,0.9466257668711656
76,12,24,pink,0.941717791411043
77,13,24,pink,0.9427402862985685
78,14,24,pink,0.9492842535787321
79,15,24,pink,0.940081799591002
80,16,24,pink,0.9394683026584867
81,17,24,pink,0.9445807770961145
82,18,24,pink,0.943762781186094
83,19,24,pink,0.9462167689161555
84,20,24,pink,0.9427402862985685
85,21,24,pink,0.9439672801635992
86,22,24,pink,0.9464212678936605
87,23,24,pink,0.945398773006135
88,24,24,pink,0.9464212678936605
89,0,24,babble,0.9546012269938651
90,1,24,babble,0.9498977505112475
91,2,24,babble,0.9517382413087935
92,3,24,babble,0.9533742331288344
93,4,24,babble,0.9517382413087935
94,5,24,babble,0.950920245398773
95,6,24,babble,0.9511247443762781
96,7,24,babble,0.9513292433537832
97,8,24,babble,0.9523517382413088
98,9,24,babble,0.9488752556237219
99,10,24,babble,0.9537832310838446
100,11,24,babble,0.9560327198364008
101,12,24,babble,0.9537832310838446
102,13,24,babble,0.9586912065439673
103,14,24,babble,0.9525562372188139
104,15,24,babble,0.9546012269938651
105,16,24,babble,0.950920245398773
106,17,24,babble,0.9535787321063395
107,18,24,babble,0.9513292433537832
108,19,24,babble,0.9552147239263804
109,20,24,babble,0.9531697341513292
110,21,24,babble,0.9476482617586912
111,22,24,babble,0.9529652351738241
112,23,24,babble,0.949079754601227
113,24,24,babble,0.9523517382413088
114,0,24,kitchen,0.9539877300613497
115,1,24,kitchen,0.9560327198364008
116,2,24,kitchen,0.9554192229038855
117,3,24,kitchen,0.9574642126789366
118,4,24,kitchen,0.950920245398773
119,5,24,kitchen,0.9546012269938651
120,6,24,kitchen,0.9546012269938651
121,7,24,kitchen,0.9552147239263804
122,8,24,kitchen,0.9543967280163599
123,9,24,kitchen,0.9541922290388548
124,10,24,kitchen,0.9515337423312883
125,11,24,kitchen,0.9586912065439673
126,12,24,kitchen,0.9541922290388548
127,13,24,kitchen,0.9515337423312883
128,14,24,kitchen,0.9554192229038855
129,15,24,kitchen,0.9552147239263804
130,16,24,kitchen,0.9531697341513292
131,17,24,kitchen,0.9523517382413088
132,18,24,kitchen,0.9546012269938651
133,19,24,kitchen,0.9550102249488752
134,20,24,kitchen,0.9523517382413088
135,21,24,kitchen,0.9543967280163599
136,22,24,kitchen,0.9574642126789366
137,23,24,kitchen,0.9556237218813906
138,24,24,kitchen,0.9562372188139059
139,0,24,office,0.9593047034764827
140,1,24,office,0.9609406952965235
141,2,24,office,0.9584867075664621
142,3,24,office,0.9607361963190184
143,4,24,office,0.9578732106339468
144,5,24,office,0.9597137014314928
145,6,24,office,0.9607361963190184
146,7,24,office,0.9574642126789366
147,8,24,office,0.9595092024539877
148,9,24,office,0.9593047034764827
149,10,24,office,0.9582822085889571
150,11,24,office,0.9625766871165644
151,12,24,office,0.9609406952965235
152,13,24,office,0.959918200408998
153,14,24,office,0.9621676891615542
154,15,24,office,0.9623721881390593
155,16,24,office,0.9593047034764827
156,17,24,office,0.9595092024539877
157,18,24,office,0.96359918200409
158,19,24,office,0.9586912065439673
159,20,24,office,0.9570552147239264
160,21,24,office,0.9566462167689161
161,22,24,office,0.9623721881390593
162,23,24,office,0.9595092024539877
163,24,24,office,0.9595092024539877
164,0,24,living,0.9578732106339468
165,1,24,living,0.9603271983640081
166,2,24,living,0.9572597137014315
167,3,24,living,0.9611451942740287
168,4,24,living,0.9556237218813906
169,5,24,living,0.9582822085889571
170,6,24,living,0.9580777096114519
171,7,24,living,0.9586912065439673
172,8,24,living,0.9586912065439673
173,9,24,living,0.9586912065439673
174,10,24,living,0.9572597137014315
175,11,24,living,0.9642126789366053
176,12,24,living,0.9609406952965235
177,13,24,living,0.9591002044989775
178,14,24,living,0.9611451942740287
179,15,24,living,0.9597137014314928
180,16,24,living,0.9580777096114519
181,17,24,living,0.9564417177914111
182,18,24,living,0.9582822085889571
183,19,24,living,0.9582822085889571
184,20,24,living,0.9576687116564417
185,21,24,living,0.9548057259713701
186,22,24,living,0.9597137014314928
187,23,24,living,0.9582822085889571
188,24,24,living,0.9586912065439673
189,0,21,white,0.9265848670756647
190,1,21,white,0.9427402862985685
191,2,21,white,0.9349693251533743
192,3,21,white,0.9312883435582822
193,4,21,white,0.9335378323108384
194,5,21,white,0.9353783231083844
195,6,21,white,0.93640081799591
196,7,21,white,0.9361963190184049
197,8,21,white,0.9349693251533743
198,9,21,white,0.934560327198364
199,10,21,white,0.9296523517382413
200,11,21,white,0.9411042944785276
201,12,21,white,0.9374233128834356
202,13,21,white,0.9370143149284254
203,14,21,white,0.9384458077709611
204,15,21,white,0.932719836400818
205,16,21,white,0.9335378323108384
206,17,21,white,0.9368098159509203
207,18,21,white,0.9335378323108384
208,19,21,white,0.9411042944785276
209,20,21,white,0.9351738241308793
210,21,21,white,0.9343558282208589
211,22,21,white,0.9368098159509203
212,23,21,white,0.9347648261758691
213,24,21,white,0.9347648261758691
214,0,21,pink,0.9298568507157464
215,1,21,pink,0.9404907975460123
216,2,21,pink,0.9353783231083844
217,3,21,pink,0.9359918200408998
218,4,21,pink,0.9329243353783231
219,5,21,pink,0.9351738241308793
220,6,21,pink,0.9374233128834356
221,7,21,pink,0.9353783231083844
222,8,21,pink,0.9353783231083844
223,9,21,pink,0.9359918200408998
224,10,21,pink,0.934560327198364
225,11,21,pink,0.9408997955010225
226,12,21,pink,0.9378323108384458
227,13,21,pink,0.9325153374233128
228,14,21,pink,0.9408997955010225
229,15,21,pink,0.9331288343558283
230,16,21,pink,0.932719836400818
231,17,21,pink,0.9396728016359919
232,18,21,pink,0.9335378323108384
233,19,21,pink,0.939877300613497
234,20,21,pink,0.9353783231083844
235,21,21,pink,0.9370143149284254
236,22,21,pink,0.9402862985685072
237,23,21,pink,0.9374233128834356
238,24,21,pink,0.9359918200408998
239,0,21,babble,0.9501022494887525
240,1,21,babble,0.9447852760736196
241,2,21,babble,0.9470347648261759
242,3,21,babble,0.9482617586912065
243,4,21,babble,0.9476482617586912
244,5,21,babble,0.9470347648261759
245,6,21,babble,0.9464212678936605
246,7,21,babble,0.9466257668711656
247,8,21,babble,0.947239263803681
248,9,21,babble,0.9439672801635992
249,10,21,babble,0.9505112474437628
250,11,21,babble,0.9539877300613497
251,12,21,babble,0.9486707566462168
252,13,21,babble,0.9543967280163599
253,14,21,babble,0.9484662576687116
254,15,21,babble,0.949079754601227
255,16,21,babble,0.9464212678936605
256,17,21,babble,0.9439672801635992
257,18,21,babble,0.943762781186094
258,19,21,babble,0.9507157464212679
259,20,21,babble,0.9492842535787321
260,21,21,babble,0.9447852760736196
261,22,21,babble,0.9503067484662576
262,23,21,babble,0.945398773006135
263,24,21,babble,0.9480572597137015
264,0,21,kitchen,0.9503067484662576
265,1,21,kitchen,0.9521472392638037
266,2,21,kitchen,0.9519427402862985
267,3,21,kitchen,0.9548057259713701
268,4,21,kitchen,0.947239263803681
269,5,21,kitchen,0.9525562372188139
270,6,21,kitchen,0.9507157464212679
271,7,21,kitchen,0.9517382413087935
272,8,21,kitchen,0.9511247443762781
273,9,21,kitchen,0.950920245398773
274,10,21,kitchen,0.9482617586912065
275,11,21,kitchen,0.9568507157464212
276,12,21,kitchen,0.9505112474437628
277,13,21,kitchen,0.9494887525562372
278,14,21,kitchen,0.9533742331288344
279,15,21,kitchen,0.9543967280163599
280,16,21,kitchen,0.9494887525562372
281,17,21,kitchen,0.9511247443762781
282,18,21,kitchen,0.9521472392638037
283,19,21,kitchen,0.9550102249488752
284,20,21,kitchen,0.9503067484662576
285,21,21,kitchen,0.9521472392638037
286,22,21,kitchen,0.9564417177914111
287,23,21,kitchen,0.9535787321063395
288,24,21,kitchen,0.9546012269938651
289,0,21,office,0.9568507157464212
290,1,21,office,0.9597137014314928
291,2,21,office,0.9566462167689161
292,3,21,office,0.9588957055214724
293,4,21,office,0.9554192229038855
294,5,21,office,0.9591002044989775
295,6,21,office,0.9595092024539877
296,7,21,office,0.9564417177914111
297,8,21,office,0.9574642126789366
298,9,21,office,0.9576687116564417
299,10,21,office,0.9560327198364008
300,11,21,office,0.9619631901840491
301,12,21,office,0.9601226993865031
302,13,21,office,0.9576687116564417
303,14,21,office,0.9615541922290388
304,15,21,office,0.9611451942740287
305,16,21,office,0.9570552147239264
306,17,21,office,0.9597137014314928
307,18,21,office,0.9627811860940695
308,19,21,office,0.9576687116564417
309,20,21,office,0.9562372188139059
310,21,21,office,0.9562372188139059
311,22,21,office,0.9609406952965235
312,23,21,office,0.9578732106339468
313,24,21,office,0.9597137014314928
314,0,21,living,0.9572597137014315
315,1,21,living,0.9572597137014315
316,2,21,living,0.9558282208588957
317,3,21,living,0.9578732106339468
318,4,21,living,0.9535787321063395
319,5,21,living,0.9566462167689161
320,6,21,living,0.9580777096114519
321,7,21,living,0.9570552147239264
322,8,21,living,0.9560327198364008
323,9,21,living,0.9560327198364008
324,10,21,living,0.9576687116564417
325,11,21,living,0.9625766871165644
326,12,21,living,0.9576687116564417
327,13,21,living,0.9572597137014315
328,14,21,living,0.959918200408998
329,15,21,living,0.9582822085889571
330,16,21,living,0.9570552147239264
331,17,21,living,0.9558282208588957
332,18,21,living,0.9556237218813906
333,19,21,living,0.9576687116564417
334,20,21,living,0.9556237218813906
335,21,21,living,0.9531697341513292
336,22,21,living,0.9574642126789366
337,23,21,living,0.9560327198364008
338,24,21,living,0.9564417177914111
339,0,18,white,0.9024539877300614
340,1,18,white,0.9306748466257668
341,2,18,white,0.9210633946830266
342,3,18,white,0.9151329243353783
343,4,18,white,0.92719836400818
344,5,18,white,0.9243353783231084
345,6,18,white,0.9280163599182004
346,7,18,white,0.9155419222903886
347,8,18,white,0.9226993865030675
348,9,18,white,0.9288343558282208
349,10,18,white,0.9147239263803681
350,11,18,white,0.9302658486707567
351,12,18,white,0.9282208588957055
352,13,18,white,0.9239263803680982
353,14,18,white,0.9231083844580777
354,15,18,white,0.9224948875255624
355,16,18,white,0.9200408997955011
356,17,18,white,0.9243353783231084
357,18,18,white,0.9226993865030675
358,19,18,white,0.9265848670756647
359,20,18,white,0.9214723926380368
360,21,18,white,0.9229038854805726
361,22,18,white,0.9321063394683027
362,23,18,white,0.9220858895705522
363,24,18,white,0.9202453987730062
364,0,18,pink,0.9069529652351738
365,1,18,pink,0.9304703476482618
366,2,18,pink,0.9165644171779141
367,3,18,pink,0.9204498977505112
368,4,18,pink,0.9243353783231084
369,5,18,pink,0.9259713701431492
370,6,18,pink,0.9269938650306748
371,7,18,pink,0.9243353783231084
372,8,18,pink,0.9243353783231084
373,9,18,pink,0.9249488752556237
374,10,18,pink,0.9196319018404908
375,11,18,pink,0.9269938650306748
376,12,18,pink,0.9233128834355828
377,13,18,pink,0.9226993865030675
378,14,18,pink,0.9198364008179959
379,15,18,pink,0.9241308793456032
380,16,18,pink,0.9204498977505112
381,17,18,pink,0.9302658486707567
382,18,18,pink,0.9220858895705522
383,19,18,pink,0.92719836400818
384,20,18,pink,0.9212678936605317
385,21,18,pink,0.9284253578732107
386,22,18,pink,0.9294478527607362
387,23,18,pink,0.9210633946830266
388,24,18,pink,0.9206543967280164
389,0,18,babble,0.9433537832310839
390,1,18,babble,0.9392638036809816
391,2,18,babble,0.9372188139059304
392,3,18,babble,0.943762781186094
393,4,18,babble,0.9415132924335379
394,5,18,babble,0.9413087934560327
395,6,18,babble,0.9388548057259714
396,7,18,babble,0.940081799591002
397,8,18,babble,0.9411042944785276
398,9,18,babble,0.9357873210633947
399,10,18,babble,0.941717791411043
400,11,18,babble,0.9501022494887525
401,12,18,babble,0.9415132924335379
402,13,18,babble,0.947239263803681
403,14,18,babble,0.9427402862985685
404,15,18,babble,0.9408997955010225
405,16,18,babble,0.938036809815951
406,17,18,babble,0.9374233128834356
407,18,18,babble,0.9368098159509203
408,19,18,babble,0.9443762781186094
409,20,18,babble,0.9433537832310839
410,21,18,babble,0.9355828220858896
411,22,18,babble,0.943762781186094
412,23,18,babble,0.9402862985685072
413,24,18,babble,0.9423312883435583
414,0,18,kitchen,0.9462167689161555
415,1,18,kitchen,0.9513292433537832
416,2,18,kitchen,0.9511247443762781
417,3,18,kitchen,0.9513292433537832
418,4,18,kitchen,0.9443762781186094
419,5,18,kitchen,0.9480572597137015
420,6,18,kitchen,0.947239263803681
421,7,18,kitchen,0.9488752556237219
422,8,18,kitchen,0.9492842535787321
423,9,18,kitchen,0.9474437627811861
424,10,18,kitchen,0.9443762781186094
425,11,18,kitchen,0.9546012269938651
426,12,18,kitchen,0.9468302658486708
427,13,18,kitchen,0.9470347648261759
428,14,18,kitchen,0.9501022494887525
429,15,18,kitchen,0.9496932515337423
430,16,18,kitchen,0.9476482617586912
431,17,18,kitchen,0.9486707566462168
432,18,18,kitchen,0.9484662576687116
433,19,18,kitchen,0.9503067484662576
434,20,18,kitchen,0.9466257668711656
435,21,18,kitchen,0.9486707566462168
436,22,18,kitchen,0.9513292433537832
437,23,18,kitchen,0.9505112474437628
438,24,18,kitchen,0.9519427402862985
439,0,18,office,0.9543967280163599
440,1,18,office,0.9586912065439673
441,2,18,office,0.9535787321063395
442,3,18,office,0.9574642126789366
443,4,18,office,0.9525562372188139
444,5,18,office,0.9556237218813906
445,6,18,office,0.9566462167689161
446,7,18,office,0.9533742331288344
447,8,18,office,0.9580777096114519
448,9,18,office,0.9564417177914111
449,10,18,office,0.9548057259713701
450,11,18,office,0.9601226993865031
451,12,18,office,0.9574642126789366
452,13,18,office,0.9548057259713701
453,14,18,office,0.959918200408998
454,15,18,office,0.9574642126789366
455,16,18,office,0.9556237218813906
456,17,18,office,0.9576687116564417
457,18,18,office,0.9603271983640081
458,19,18,office,0.9554192229038855
459,20,18,office,0.9552147239263804
460,21,18,office,0.9539877300613497
461,22,18,office,0.9588957055214724
462,23,18,office,0.9580777096114519
463,24,18,office,0.9580777096114519
464,0,18,living,0.9546012269938651
465,1,18,living,0.9541922290388548
466,2,18,living,0.9521472392638037
467,3,18,living,0.9562372188139059
468,4,18,living,0.9498977505112475
469,5,18,living,0.9541922290388548
470,6,18,living,0.9541922290388548
471,7,18,living,0.9539877300613497
472,8,18,living,0.9533742331288344
473,9,18,living,0.9529652351738241
474,10,18,living,0.9546012269938651
475,11,18,living,0.9595092024539877
476,12,18,living,0.9550102249488752
477,13,18,living,0.9556237218813906
478,14,18,living,0.9576687116564417
479,15,18,living,0.9539877300613497
480,16,18,living,0.9552147239263804
481,17,18,living,0.9533742331288344
482,18,18,living,0.9525562372188139
483,19,18,living,0.9558282208588957
484,20,18,living,0.9507157464212679
485,21,18,living,0.9527607361963191
486,22,18,living,0.9548057259713701
487,23,18,living,0.9554192229038855
488,24,18,living,0.9558282208588957
489,0,15,white,0.8586912065439672
490,1,15,white,0.9085889570552147
491,2,15,white,0.8891615541922291
492,3,15,white,0.8860940695296523
493,4,15,white,0.9085889570552147
494,5,15,white,0.8995910020449898
495,6,15,white,0.9104294478527607
496,7,15,white,0.8805725971370143
497,8,15,white,0.8905930470347648
498,9,15,white,0.9137014314928426
499,10,15,white,0.8830265848670756
500,11,15,white,0.9153374233128835
501,12,15,white,0.9094069529652352
502,13,15,white,0.8959100204498978
503,14,15,white,0.8838445807770962
504,15,15,white,0.8989775051124744
505,16,15,white,0.8942740286298568
506,17,15,white,0.8957055214723927
507,18,15,white,0.8946830265848671
508,19,15,white,0.901635991820041
509,20,15,white,0.8959100204498978
510,21,15,white,0.8979550102249488
511,22,15,white,0.9179959100204499
512,23,15,white,0.8832310838445808
513,24,15,white,0.8920245398773006
514,0,15,pink,0.8623721881390594
515,1,15,pink,0.9175869120654396
516,2,15,pink,0.8824130879345603
517,3,15,pink,0.8897750511247444
518,4,15,pink,0.9008179959100204
519,5,15,pink,0.9051124744376278
520,6,15,pink,0.9049079754601227
521,7,15,pink,0.8997955010224948
522,8,15,pink,0.905316973415133
523,9,15,pink,0.9077709611451943
524,10,15,pink,0.8881390593047035
525,11,15,pink,0.9020449897750511
526,12,15,pink,0.9044989775051124
527,13,15,pink,0.8973415132924335
528,14,15,pink,0.8871165644171779
529,15,15,pink,0.8969325153374234
530,16,15,pink,0.8979550102249488
531,17,15,pink,0.9038854805725971
532,18,15,pink,0.8910020449897751
533,19,15,pink,0.908997955010225
534,20,15,pink,0.8997955010224948
535,21,15,pink,0.905316973415133
536,22,15,pink,0.9137014314928426
537,23,15,pink,0.8932515337423312
538,24,15,pink,0.8875255623721882
539,0,15,babble,0.934560327198364
540,1,15,babble,0.9325153374233128
541,2,15,babble,0.9245398773006135
542,3,15,babble,0.9335378323108384
543,4,15,babble,0.9337423312883436
544,5,15,babble,0.9292433537832311
545,6,15,babble,0.9278118609406953
546,7,15,babble,0.9278118609406953
547,8,15,babble,0.9331288343558283
548,9,15,babble,0.9257668711656442
549,10,15,babble,0.9321063394683027
550,11,15,babble,0.941717791411043
551,12,15,babble,0.9296523517382413
552,13,15,babble,0.9386503067484663
553,14,15,babble,0.9300613496932515
554,15,15,babble,0.9321063394683027
555,16,15,babble,0.9267893660531697
556,17,15,babble,0.9257668711656442
557,18,15,babble,0.9235173824130879
558,19,15,babble,0.9337423312883436
559,20,15,babble,0.9343558282208589
560,21,15,babble,0.9261758691206544
561,22,15,babble,0.9329243353783231
562,23,15,babble,0.9329243353783231
563,24,15,babble,0.9292433537832311
564,0,15,kitchen,0.9374233128834356
565,1,15,kitchen,0.9464212678936605
566,2,15,kitchen,0.9449897750511247
567,3,15,kitchen,0.9462167689161555
568,4,15,kitchen,0.938241308793456
569,5,15,kitchen,0.9421267893660532
570,6,15,kitchen,0.9427402862985685
571,7,15,kitchen,0.9425357873210634
572,8,15,kitchen,0.9443762781186094
573,9,15,kitchen,0.9433537832310839
574,10,15,kitchen,0.938241308793456
575,11,15,kitchen,0.9486707566462168
576,12,15,kitchen,0.9447852760736196
577,13,15,kitchen,0.9429447852760736
578,14,15,kitchen,0.9451942740286299
579,15,15,kitchen,0.9429447852760736
580,16,15,kitchen,0.9421267893660532
581,17,15,kitchen,0.9441717791411043
582,18,15,kitchen,0.9429447852760736
583,19,15,kitchen,0.9451942740286299
584,20,15,kitchen,0.9394683026584867
585,21,15,kitchen,0.9423312883435583
586,22,15,kitchen,0.9494887525562372
587,23,15,kitchen,0.9460122699386503
588,24,15,kitchen,0.9464212678936605
589,0,15,office,0.9501022494887525
590,1,15,office,0.9578732106339468
591,2,15,office,0.9519427402862985
592,3,15,office,0.9550102249488752
593,4,15,office,0.9503067484662576
594,5,15,office,0.9537832310838446
595,6,15,office,0.9548057259713701
596,7,15,office,0.9519427402862985
597,8,15,office,0.9554192229038855
598,9,15,office,0.9548057259713701
599,10,15,office,0.9521472392638037
600,11,15,office,0.9554192229038855
601,12,15,office,0.9560327198364008
602,13,15,office,0.9498977505112475
603,14,15,office,0.9572597137014315
604,15,15,office,0.9560327198364008
605,16,15,office,0.9523517382413088
606,17,15,office,0.9564417177914111
607,18,15,office,0.9568507157464212
608,19,15,office,0.9521472392638037
609,20,15,office,0.9527607361963191
610,21,15,office,0.9539877300613497
611,22,15,office,0.9580777096114519
612,23,15,office,0.9558282208588957
613,24,15,office,0.9550102249488752
614,0,15,living,0.9517382413087935
615,1,15,living,0.9496932515337423
616,2,15,living,0.9496932515337423
617,3,15,living,0.9541922290388548
618,4,15,living,0.9478527607361963
619,5,15,living,0.9505112474437628
620,6,15,living,0.9498977505112475
621,7,15,living,0.9498977505112475
622,8,15,living,0.9513292433537832
623,9,15,living,0.9513292433537832
624,10,15,living,0.9550102249488752
625,11,15,living,0.9546012269938651
626,12,15,living,0.9533742331288344
627,13,15,living,0.9535787321063395
628,14,15,living,0.9539877300613497
629,15,15,living,0.9488752556237219
630,16,15,living,0.9533742331288344
631,17,15,living,0.9494887525562372
632,18,15,living,0.9474437627811861
633,19,15,living,0.9513292433537832
634,20,15,living,0.9484662576687116
635,21,15,living,0.9484662576687116
636,22,15,living,0.9531697341513292
637,23,15,living,0.9513292433537832
638,24,15,living,0.9498977505112475
639,0,12,white,0.7791411042944786
640,1,12,white,0.8576687116564418
641,2,12,white,0.8102249488752556
642,3,12,white,0.8269938650306748
643,4,12,white,0.867280163599182
644,5,12,white,0.8554192229038855
645,6,12,white,0.8793456032719836
646,7,12,white,0.8040899795501022
647,8,12,white,0.8243353783231084
648,9,12,white,0.8785276073619632
649,10,12,white,0.8239263803680982
650,11,12,white,0.8850715746421268
651,12,12,white,0.870756646216769
652,13,12,white,0.8486707566462167
653,14,12,white,0.7955010224948875
654,15,12,white,0.8443762781186094
655,16,12,white,0.8312883435582822
656,17,12,white,0.8314928425357874
657,18,12,white,0.8425357873210634
658,19,12,white,0.8482617586912066
659,20,12,white,0.8325153374233129
660,21,12,white,0.8531697341513292
661,22,12,white,0.8957055214723927
662,23,12,white,0.8096114519427403
663,24,12,white,0.8210633946830266
664,0,12,pink,0.7766871165644171
665,1,12,pink,0.8742331288343558
666,2,12,pink,0.781799591002045
667,3,12,pink,0.8249488752556238
668,4,12,pink,0.86359918200409
669,5,12,pink,0.8460122699386503
670,6,12,pink,0.8593047034764826
671,7,12,pink,0.8304703476482618
672,8,12,pink,0.8439672801635992
673,9,12,pink,0.8642126789366054
674,10,12,pink,0.8306748466257668
675,11,12,pink,0.8576687116564418
676,12,12,pink,0.8521472392638036
677,13,12,pink,0.838036809815951
678,14,12,pink,0.7977505112474438
679,15,12,pink,0.8388548057259714
680,16,12,pink,0.8288343558282208
681,17,12,pink,0.8531697341513292
682,18,12,pink,0.8226993865030675
683,19,12,pink,0.8525562372188139
684,20,12,pink,0.8288343558282208
685,21,12,pink,0.8658486707566462
686,22,12,pink,0.8852760736196319
687,23,12,pink,0.8102249488752556
688,24,12,pink,0.7885480572597137
689,0,12,babble,0.918200408997955
690,1,12,babble,0.9175869120654396
691,2,12,babble,0.9155419222903886
692,3,12,babble,0.9202453987730062
693,4,12,babble,0.9132924335378323
694,5,12,babble,0.9130879345603272
695,6,12,babble,0.9141104294478528
696,7,12,babble,0.9124744376278119
697,8,12,babble,0.9188139059304703
698,9,12,babble,0.9094069529652352
699,10,12,babble,0.9169734151329243
700,11,12,babble,0.9284253578732107
701,12,12,babble,0.916359918200409
702,13,12,babble,0.9233128834355828
703,14,12,babble,0.9165644171779141
704,15,12,babble,0.9165644171779141
705,16,12,babble,0.910838445807771
706,17,12,babble,0.9114519427402863
707,18,12,babble,0.9038854805725971
708,19,12,babble,0.9196319018404908
709,20,12,babble,0.9214723926380368
710,21,12,babble,0.90920245398773
711,22,12,babble,0.9188139059304703
712,23,12,babble,0.9161554192229039
713,24,12,babble,0.9094069529652352
714,0,12,kitchen,0.9276073619631902
715,1,12,kitchen,0.9374233128834356
716,2,12,kitchen,0.9386503067484663
717,3,12,kitchen,0.9372188139059304
718,4,12,kitchen,0.9316973415132924
719,5,12,kitchen,0.9335378323108384
720,6,12,kitchen,0.9341513292433538
721,7,12,kitchen,0.9333333333333333
722,8,12,kitchen,0.938036809815951
723,9,12,kitchen,0.9386503067484663
724,10,12,kitchen,0.9265848670756647
725,11,12,kitchen,0.9421267893660532
726,12,12,kitchen,0.938036809815951
727,13,12,kitchen,0.9384458077709611
728,14,12,kitchen,0.9388548057259714
729,15,12,kitchen,0.9329243353783231
730,16,12,kitchen,0.934560327198364
731,17,12,kitchen,0.9333333333333333
732,18,12,kitchen,0.9325153374233128
733,19,12,kitchen,0.9394683026584867
734,20,12,kitchen,0.9325153374233128
735,21,12,kitchen,0.9310838445807771
736,22,12,kitchen,0.9427402862985685
737,23,12,kitchen,0.9359918200408998
738,24,12,kitchen,0.939877300613497
739,0,12,office,0.9411042944785276
740,1,12,office,0.9543967280163599
741,2,12,office,0.9507157464212679
742,3,12,office,0.9505112474437628
743,4,12,office,0.9456032719836401
744,5,12,office,0.9511247443762781
745,6,12,office,0.9531697341513292
746,7,12,office,0.9474437627811861
747,8,12,office,0.9513292433537832
748,9,12,office,0.9535787321063395
749,10,12,office,0.9505112474437628
750,11,12,office,0.9546012269938651
751,12,12,office,0.9556237218813906
752,13,12,office,0.9445807770961145
753,14,12,office,0.9554192229038855
754,15,12,office,0.9513292433537832
755,16,12,office,0.9507157464212679
756,17,12,office,0.9533742331288344
757,18,12,office,0.9537832310838446
758,19,12,office,0.9482617586912065
759,20,12,office,0.9531697341513292
760,21,12,office,0.9519427402862985
761,22,12,office,0.9548057259713701
762,23,12,office,0.9527607361963191
763,24,12,office,0.9533742331288344
764,0,12,living,0.9456032719836401
765,1,12,living,0.9451942740286299
766,2,12,living,0.9449897750511247
767,3,12,living,0.9492842535787321
768,4,12,living,0.9404907975460123
769,5,12,living,0.945398773006135
770,6,12,living,0.9456032719836401
771,7,12,living,0.9441717791411043
772,8,12,living,0.9462167689161555
773,9,12,living,0.945398773006135
774,10,12,living,0.9527607361963191
775,11,12,living,0.9503067484662576
776,12,12,living,0.9488752556237219
777,13,12,living,0.9470347648261759
778,14,12,living,0.9456032719836401
779,15,12,living,0.9433537832310839
780,16,12,living,0.9464212678936605
781,17,12,living,0.9447852760736196
782,18,12,living,0.9406952965235174
783,19,12,living,0.9462167689161555
784,20,12,living,0.9456032719836401
785,21,12,living,0.9449897750511247
786,22,12,living,0.9466257668711656
787,23,12,living,0.9466257668711656
788,24,12,living,0.9458077709611452
789,0,9,white,0.6578732106339469
790,1,9,white,0.7476482617586913
791,2,9,white,0.6662576687116565
792,3,9,white,0.7067484662576687
793,4,9,white,0.7826175869120654
794,5,9,white,0.7474437627811861
795,6,9,white,0.7977505112474438
796,7,9,white,0.6631901840490797
797,8,9,white,0.7092024539877301
798,9,9,white,0.7815950920245399
799,10,9,white,0.7143149284253578
800,11,9,white,0.8167689161554192
801,12,9,white,0.7768916155419223
802,13,9,white,0.7265848670756646
803,14,9,white,0.6496932515337424
804,15,9,white,0.7431492842535787
805,16,9,white,0.701840490797546
806,17,9,white,0.7032719836400818
807,18,9,white,0.7394683026584867
808,19,9,white,0.7533742331288343
809,20,9,white,0.7179959100204499
810,21,9,white,0.747239263803681
811,22,9,white,0.8441717791411043
812,23,9,white,0.6840490797546013
813,24,9,white,0.6950920245398773
814,0,9,pink,0.6247443762781186
815,1,9,pink,0.7713701431492842
816,2,9,pink,0.605521472392638
817,3,9,pink,0.6905930470347649
818,4,9,pink,0.7496932515337423
819,5,9,pink,0.7212678936605317
820,6,9,pink,0.7507157464212679
821,7,9,pink,0.6885480572597137
822,8,9,pink,0.7100204498977505
823,9,9,pink,0.7445807770961145
824,10,9,pink,0.7028629856850716
825,11,9,pink,0.7515337423312883
826,12,9,pink,0.7267893660531697
827,13,9,pink,0.6987730061349693
828,14,9,pink,0.6261758691206544
829,15,9,pink,0.7161554192229039
830,16,9,pink,0.6552147239263804
831,17,9,pink,0.7116564417177914
832,18,9,pink,0.6879345603271984
833,19,9,pink,0.7402862985685071
834,20,9,pink,0.6905930470347649
835,21,9,pink,0.7554192229038855
836,22,9,pink,0.8026584867075665
837,23,9,pink,0.6648261758691206
838,24,9,pink,0.6263803680981596
839,0,9,babble,0.8938650306748466
840,1,9,babble,0.8985685071574642
841,2,9,babble,0.8942740286298568
842,3,9,babble,0.8979550102249488
843,4,9,babble,0.8897750511247444
844,5,9,babble,0.8848670756646216
845,6,9,babble,0.8895705521472392
846,7,9,babble,0.8856850715746422
847,8,9,babble,0.8961145194274028
848,9,9,babble,0.8756646216768916
849,10,9,babble,0.8858895705521472
850,11,9,babble,0.903476482617587
851,12,9,babble,0.8946830265848671
852,13,9,babble,0.8997955010224948
853,14,9,babble,0.8967280163599182
854,15,9,babble,0.8957055214723927
855,16,9,babble,0.880163599182004
856,17,9,babble,0.8879345603271984
857,18,9,babble,0.872597137014315
858,19,9,babble,0.8969325153374234
859,20,9,babble,0.8979550102249488
860,21,9,babble,0.8840490797546012
861,22,9,babble,0.9014314928425358
862,23,9,babble,0.8924335378323108
863,24,9,babble,0.8777096114519427
864,0,9,kitchen,0.910838445807771
865,1,9,kitchen,0.9198364008179959
866,2,9,kitchen,0.92719836400818
867,3,9,kitchen,0.9237218813905931
868,4,9,kitchen,0.9229038854805726
869,5,9,kitchen,0.9190184049079755
870,6,9,kitchen,0.9233128834355828
871,7,9,kitchen,0.9206543967280164
872,8,9,kitchen,0.9280163599182004
873,9,9,kitchen,0.9294478527607362
874,10,9,kitchen,0.908997955010225
875,11,9,kitchen,0.9335378323108384
876,12,9,kitchen,0.9302658486707567
877,13,9,kitchen,0.9314928425357873
878,14,9,kitchen,0.9276073619631902
879,15,9,kitchen,0.9188139059304703
880,16,9,kitchen,0.9231083844580777
881,17,9,kitchen,0.9157464212678936
882,18,9,kitchen,0.9231083844580777
883,19,9,kitchen,0.929038854805726
884,20,9,kitchen,0.9229038854805726
885,21,9,kitchen,0.9149284253578732
886,22,9,kitchen,0.9329243353783231
887,23,9,kitchen,0.9245398773006135
888,24,9,kitchen,0.9284253578732107
889,0,9,office,0.9343558282208589
890,1,9,office,0.9480572597137015
891,2,9,office,0.947239263803681
892,3,9,office,0.9476482617586912
893,4,9,office,0.9427402862985685
894,5,9,office,0.9458077709611452
895,6,9,office,0.9480572597137015
896,7,9,office,0.9404907975460123
897,8,9,office,0.9466257668711656
898,9,9,office,0.9513292433537832
899,10,9,office,0.9441717791411043
900,11,9,office,0.9496932515337423
901,12,9,office,0.9521472392638037
902,13,9,office,0.9402862985685072
903,14,9,office,0.9519427402862985
904,15,9,office,0.9478527607361963
905,16,9,office,0.9474437627811861
906,17,9,office,0.949079754601227
907,18,9,office,0.9494887525562372
908,19,9,office,0.939877300613497
909,20,9,office,0.9486707566462168
910,21,9,office,0.9478527607361963
911,22,9,office,0.9525562372188139
912,23,9,office,0.9505112474437628
913,24,9,office,0.9503067484662576
914,0,9,living,0.938036809815951
915,1,9,living,0.9388548057259714
916,2,9,living,0.9386503067484663
917,3,9,living,0.9386503067484663
918,4,9,living,0.9314928425357873
919,5,9,living,0.9374233128834356
920,6,9,living,0.9347648261758691
921,7,9,living,0.9376278118609407
922,8,9,living,0.9423312883435583
923,9,9,living,0.9394683026584867
924,10,9,living,0.9413087934560327
925,11,9,living,0.9431492842535787
926,12,9,living,0.9388548057259714
927,13,9,living,0.9392638036809816
928,14,9,living,0.9368098159509203
929,15,9,living,0.9341513292433538
930,16,9,living,0.938036809815951
931,17,9,living,0.9372188139059304
932,18,9,living,0.9335378323108384
933,19,9,living,0.9392638036809816
934,20,9,living,0.939877300613497
935,21,9,living,0.9372188139059304
936,22,9,living,0.9378323108384458
937,23,9,living,0.9413087934560327
938,24,9,living,0.9396728016359919
939,0,6,white,0.48466257668711654
940,1,6,white,0.5478527607361963
941,2,6,white,0.48936605316973414
942,3,6,white,0.5259713701431493
943,4,6,white,0.627402862985685
944,5,6,white,0.5820040899795501
945,6,6,white,0.6494887525562372
946,7,6,white,0.4750511247443763
947,8,6,white,0.5374233128834356
948,9,6,white,0.5955010224948876
949,10,6,white,0.5433537832310839
950,11,6,white,0.6713701431492842
951,12,6,white,0.6110429447852761
952,13,6,white,0.5355828220858896
953,14,6,white,0.4535787321063395
954,15,6,white,0.5494887525562372
955,16,6,white,0.5108384458077709
956,17,6,white,0.5239263803680981
957,18,6,white,0.5613496932515337
958,19,6,white,0.592842535787321
959,20,6,white,0.5210633946830265
960,21,6,white,0.5883435582822086
961,22,6,white,0.7355828220858895
962,23,6,white,0.5143149284253579
963,24,6,white,0.5245398773006135
964,0,6,pink,0.42678936605316975
965,1,6,pink,0.5607361963190184
966,2,6,pink,0.38609406952965236
967,3,6,pink,0.47975460122699387
968,4,6,pink,0.5488752556237219
969,5,6,pink,0.5116564417177915
970,6,6,pink,0.5588957055214724
971,7,6,pink,0.4734151329243354
972,8,6,pink,0.5024539877300613
973,9,6,pink,0.5134969325153375
974,10,6,pink,0.5094069529652352
975,11,6,pink,0.5650306748466257
976,12,6,pink,0.49284253578732107
977,13,6,pink,0.4703476482617587
978,14,6,pink,0.401840490797546
979,15,6,pink,0.49038854805725973
980,16,6,pink,0.4349693251533742
981,17,6,pink,0.48445807770961147
982,18,6,pink,0.4652351738241309
983,19,6,pink,0.5415132924335379
984,20,6,pink,0.47464212678936607
985,21,6,pink,0.5629856850715746
986,22,6,pink,0.6331288343558282
987,23,6,pink,0.47280163599182007
988,24,6,pink,0.4247443762781186
989,0,6,babble,0.8605316973415132
990,1,6,babble,0.8574642126789366
991,2,6,babble,0.8568507157464212
992,3,6,babble,0.8631901840490798
993,4,6,babble,0.8488752556237219
994,5,6,babble,0.8294478527607362
995,6,6,babble,0.8603271983640082
996,7,6,babble,0.8445807770961146
997,8,6,babble,0.8560327198364008
998,9,6,babble,0.8276073619631902
999,10,6,babble,0.8402862985685071
1000,11,6,babble,0.8613496932515338
1001,12,6,babble,0.8601226993865031
1002,13,6,babble,0.8597137014314928
1003,14,6,babble,0.8625766871165644
1004,15,6,babble,0.8513292433537832
1005,16,6,babble,0.840081799591002
1006,17,6,babble,0.8445807770961146
1007,18,6,babble,0.8198364008179959
1008,19,6,babble,0.8519427402862986
1009,20,6,babble,0.8623721881390594
1010,21,6,babble,0.8366053169734151
1011,22,6,babble,0.8676891615541922
1012,23,6,babble,0.847239263803681
1013,24,6,babble,0.8269938650306748
1014,0,6,kitchen,0.8867075664621676
1015,1,6,kitchen,0.8959100204498978
1016,2,6,kitchen,0.9085889570552147
1017,3,6,kitchen,0.8985685071574642
1018,4,6,kitchen,0.9100204498977505
1019,5,6,kitchen,0.8932515337423312
1020,6,6,kitchen,0.907361963190184
1021,7,6,kitchen,0.8924335378323108
1022,8,6,kitchen,0.905316973415133
1023,9,6,kitchen,0.9124744376278119
1024,10,6,kitchen,0.8777096114519427
1025,11,6,kitchen,0.9190184049079755
1026,12,6,kitchen,0.9165644171779141
1027,13,6,kitchen,0.9175869120654396
1028,14,6,kitchen,0.8997955010224948
1029,15,6,kitchen,0.896319018404908
1030,16,6,kitchen,0.901840490797546
1031,17,6,kitchen,0.8897750511247444
1032,18,6,kitchen,0.901635991820041
1033,19,6,kitchen,0.910838445807771
1034,20,6,kitchen,0.901840490797546
1035,21,6,kitchen,0.8936605316973415
1036,22,6,kitchen,0.9167689161554192
1037,23,6,kitchen,0.907157464212679
1038,24,6,kitchen,0.9116564417177914
1039,0,6,office,0.9280163599182004
1040,1,6,office,0.9408997955010225
1041,2,6,office,0.9406952965235174
1042,3,6,office,0.9406952965235174
1043,4,6,office,0.9388548057259714
1044,5,6,office,0.9411042944785276
1045,6,6,office,0.9425357873210634
1046,7,6,office,0.9331288343558283
1047,8,6,office,0.9431492842535787
1048,9,6,office,0.9470347648261759
1049,10,6,office,0.9408997955010225
1050,11,6,office,0.9433537832310839
1051,12,6,office,0.9474437627811861
1052,13,6,office,0.9325153374233128
1053,14,6,office,0.9470347648261759
1054,15,6,office,0.9431492842535787
1055,16,6,office,0.9429447852760736
1056,17,6,office,0.9415132924335379
1057,18,6,office,0.9456032719836401
1058,19,6,office,0.9341513292433538
1059,20,6,office,0.9429447852760736
1060,21,6,office,0.9413087934560327
1061,22,6,office,0.9501022494887525
1062,23,6,office,0.945398773006135
1063,24,6,office,0.9449897750511247
1064,0,6,living,0.9274028629856851
1065,1,6,living,0.9288343558282208
1066,2,6,living,0.9274028629856851
1067,3,6,living,0.9239263803680982
1068,4,6,living,0.9206543967280164
1069,5,6,living,0.9257668711656442
1070,6,6,living,0.9218813905930471
1071,7,6,living,0.9235173824130879
1072,8,6,living,0.9316973415132924
1073,9,6,living,0.9224948875255624
1074,10,6,living,0.9278118609406953
1075,11,6,living,0.9286298568507158
1076,12,6,living,0.9286298568507158
1077,13,6,living,0.9296523517382413
1078,14,6,living,0.9231083844580777
1079,15,6,living,0.9192229038854806
1080,16,6,living,0.9265848670756647
1081,17,6,living,0.9278118609406953
1082,18,6,living,0.9220858895705522
1083,19,6,living,0.9276073619631902
1084,20,6,living,0.9280163599182004
1085,21,6,living,0.9245398773006135
1086,22,6,living,0.9194274028629856
1087,23,6,living,0.9298568507157464
1088,24,6,living,0.9235173824130879
1089,0,3,white,0.3067484662576687
1090,1,3,white,0.33210633946830265
1091,2,3,white,0.2901840490797546
1092,3,3,white,0.3310838445807771
1093,4,3,white,0.42433537832310836
1094,5,3,white,0.38916155419222903
1095,6,3,white,0.45337423312883435
1096,7,3,white,0.28343558282208586
1097,8,3,white,0.3656441717791411
1098,9,3,white,0.35930470347648263
1099,10,3,white,0.36155419222903884
1100,11,3,white,0.467280163599182
1101,12,3,white,0.3783231083844581
1102,13,3,white,0.3257668711656442
1103,14,3,white,0.26380368098159507
1104,15,3,white,0.329038854805726
1105,16,3,white,0.30368098159509205
1106,17,3,white,0.3249488752556237
1107,18,3,white,0.3605316973415133
1108,19,3,white,0.39815950920245397
1109,20,3,white,0.31758691206543965
1110,21,3,white,0.3928425357873211
1111,22,3,white,0.53640081799591
1112,23,3,white,0.33026584867075665
1113,24,3,white,0.3296523517382413
1114,0,3,pink,0.23803680981595093
1115,1,3,pink,0.314519427402863
1116,2,3,pink,0.2002044989775051
1117,3,3,pink,0.27280163599182006
1118,4,3,pink,0.316359918200409
1119,5,3,pink,0.2850715746421268
1120,6,3,pink,0.33967280163599184
1121,7,3,pink,0.26768916155419226
1122,8,3,pink,0.28486707566462166
1123,9,3,pink,0.2740286298568507
1124,10,3,pink,0.2903885480572597
1125,11,3,pink,0.3249488752556237
1126,12,3,pink,0.2593047034764826
1127,13,3,pink,0.2578732106339468
1128,14,3,pink,0.20777096114519428
1129,15,3,pink,0.25541922290388547
1130,16,3,pink,0.23885480572597137
1131,17,3,pink,0.27689161554192226
1132,18,3,pink,0.2513292433537832
1133,19,3,pink,0.3188139059304703
1134,20,3,pink,0.2611451942740286
1135,21,3,pink,0.330879345603272
1136,22,3,pink,0.36155419222903884
1137,23,3,pink,0.26339468302658486
1138,24,3,pink,0.2265848670756646
1139,0,3,babble,0.789161554192229
1140,1,3,babble,0.7860940695296523
1141,2,3,babble,0.7793456032719837
1142,3,3,babble,0.805521472392638
1143,4,3,babble,0.7787321063394683
1144,5,3,babble,0.7376278118609407
1145,6,3,babble,0.8002044989775051
1146,7,3,babble,0.785480572597137
1147,8,3,babble,0.7938650306748466
1148,9,3,babble,0.7576687116564417
1149,10,3,babble,0.7429447852760737
1150,11,3,babble,0.7871165644171779
1151,12,3,babble,0.7930470347648262
1152,13,3,babble,0.7807770961145194
1153,14,3,babble,0.7924335378323109
1154,15,3,babble,0.7775051124744377
1155,16,3,babble,0.7654396728016359
1156,17,3,babble,0.7791411042944786
1157,18,3,babble,0.7404907975460123
1158,19,3,babble,0.7783231083844581
1159,20,3,babble,0.7901840490797546
1160,21,3,babble,0.7752556237218814
1161,22,3,babble,0.8165644171779141
1162,23,3,babble,0.778118609406953
1163,24,3,babble,0.7574642126789366
1164,0,3,kitchen,0.850920245398773
1165,1,3,kitchen,0.838036809815951
1166,2,3,kitchen,0.868916155419223
1167,3,3,kitchen,0.8498977505112475
1168,4,3,kitchen,0.8844580777096115
1169,5,3,kitchen,0.8523517382413088
1170,6,3,kitchen,0.8852760736196319
1171,7,3,kitchen,0.8413087934560327
1172,8,3,kitchen,0.8648261758691207
1173,9,3,kitchen,0.8871165644171779
1174,10,3,kitchen,0.8220858895705522
1175,11,3,kitchen,0.9006134969325154
1176,12,3,kitchen,0.8979550102249488
1177,13,3,kitchen,0.8977505112474438
1178,14,3,kitchen,0.8372188139059304
1179,15,3,kitchen,0.8588957055214724
1180,16,3,kitchen,0.8640081799591002
1181,17,3,kitchen,0.8496932515337423
1182,18,3,kitchen,0.8680981595092024
1183,19,3,kitchen,0.8822085889570552
1184,20,3,kitchen,0.8652351738241308
1185,21,3,kitchen,0.8633946830265848
1186,22,3,kitchen,0.8907975460122699
1187,23,3,kitchen,0.8676891615541922
1188,24,3,kitchen,0.8848670756646216
1189,0,3,office,0.9161554192229039
1190,1,3,office,0.932719836400818
1191,2,3,office,0.9325153374233128
1192,3,3,office,0.9298568507157464
1193,4,3,office,0.93640081799591
1194,5,3,office,0.9316973415132924
1195,6,3,office,0.9366053169734151
1196,7,3,office,0.9214723926380368
1197,8,3,office,0.9376278118609407
1198,9,3,office,0.9413087934560327
1199,10,3,office,0.9349693251533743
1200,11,3,office,0.9353783231083844
1201,12,3,office,0.9408997955010225
1202,13,3,office,0.9194274028629856
1203,14,3,office,0.943558282208589
1204,15,3,office,0.9413087934560327
1205,16,3,office,0.9370143149284254
1206,17,3,office,0.9351738241308793
1207,18,3,office,0.9368098159509203
1208,19,3,office,0.9278118609406953
1209,20,3,office,0.9355828220858896
1210,21,3,office,0.9343558282208589
1211,22,3,office,0.943558282208589
1212,23,3,office,0.9368098159509203
1213,24,3,office,0.9411042944785276
1214,0,3,living,0.9096114519427403
1215,1,3,living,0.9139059304703476
1216,2,3,living,0.9085889570552147
1217,3,3,living,0.8969325153374234
1218,4,3,living,0.903680981595092
1219,5,3,living,0.910838445807771
1220,6,3,living,0.9030674846625767
1221,7,3,living,0.8948875255623722
1222,8,3,living,0.9132924335378323
1223,9,3,living,0.9044989775051124
1224,10,3,living,0.911042944785276
1225,11,3,living,0.9094069529652352
1226,12,3,living,0.9112474437627812
1227,13,3,living,0.9139059304703476
1228,14,3,living,0.9024539877300614
1229,15,3,living,0.8973415132924335
1230,16,3,living,0.9104294478527607
1231,17,3,living,0.9132924335378323
1232,18,3,living,0.8997955010224948
1233,19,3,living,0.914519427402863
1234,20,3,living,0.9079754601226994
1235,21,3,living,0.8979550102249488
1236,22,3,living,0.9012269938650307
1237,23,3,living,0.912678936605317
1238,24,3,living,0.9067484662576687
1239,0,0,white,0.1619631901840491
1240,1,0,white,0.16993865030674846
1241,2,0,white,0.14867075664621676
1242,3,0,white,0.17934560327198365
1243,4,0,white,0.2394683026584867
1244,5,0,white,0.21206543967280164
1245,6,0,white,0.2607361963190184
1246,7,0,white,0.14948875255623723
1247,8,0,white,0.20224948875255624
1248,9,0,white,0.18098159509202455
1249,10,0,white,0.18916155419222905
1250,11,0,white,0.25828220858895706
1251,12,0,white,0.18732106339468302
1252,13,0,white,0.17464212678936605
1253,14,0,white,0.1427402862985685
1254,15,0,white,0.16359918200409
1255,16,0,white,0.1640081799591002
1256,17,0,white,0.16932515337423312
1257,18,0,white,0.19366053169734151
1258,19,0,white,0.22208588957055214
1259,20,0,white,0.16789366053169735
1260,21,0,white,0.2198364008179959
1261,22,0,white,0.3006134969325153
1262,23,0,white,0.17770961145194275
1263,24,0,white,0.17096114519427402
1264,0,0,pink,0.11758691206543967
1265,1,0,pink,0.15644171779141106
1266,2,0,pink,0.10797546012269939
1267,3,0,pink,0.13210633946830266
1268,4,0,pink,0.15603271983640082
1269,5,0,pink,0.13701431492842536
1270,6,0,pink,0.16789366053169735
1271,7,0,pink,0.12740286298568507
1272,8,0,pink,0.13374233128834356
1273,9,0,pink,0.13537832310838446
1274,10,0,pink,0.1329243353783231
1275,11,0,pink,0.15685071574642126
1276,12,0,pink,0.13047034764826176
1277,13,0,pink,0.13333333333333333
1278,14,0,pink,0.10777096114519427
1279,15,0,pink,0.12494887525562372
1280,16,0,pink,0.12269938650306748
1281,17,0,pink,0.13496932515337423
1282,18,0,pink,0.12392638036809817
1283,19,0,pink,0.15357873210633946
1284,20,0,pink,0.1294478527607362
1285,21,0,pink,0.15991820040899796
1286,22,0,pink,0.16421267893660532
1287,23,0,pink,0.12842535787321063
1288,24,0,pink,0.1165644171779141
1289,0,0,babble,0.669120654396728
1290,1,0,babble,0.6779141104294478
1291,2,0,babble,0.6388548057259714
1292,3,0,babble,0.7128834355828221
1293,4,0,babble,0.6591002044989775
1294,5,0,babble,0.5977505112474437
1295,6,0,babble,0.7106339468302658
1296,7,0,babble,0.6893660531697342
1297,8,0,babble,0.6867075664621677
1298,9,0,babble,0.6503067484662577
1299,10,0,babble,0.5916155419222904
1300,11,0,babble,0.6687116564417178
1301,12,0,babble,0.694683026584867
1302,13,0,babble,0.6744376278118609
1303,14,0,babble,0.6934560327198364
1304,15,0,babble,0.6668711656441718
1305,16,0,babble,0.652556237218814
1306,17,0,babble,0.6768916155419223
1307,18,0,babble,0.621676891615542
1308,19,0,babble,0.6566462167689161
1309,20,0,babble,0.6676891615541922
1310,21,0,babble,0.6717791411042945
1311,22,0,babble,0.7226993865030675
1312,23,0,babble,0.6676891615541922
1313,24,0,babble,0.6284253578732106
1314,0,0,kitchen,0.8002044989775051
1315,1,0,kitchen,0.727402862985685
1316,2,0,kitchen,0.7934560327198364
1317,3,0,kitchen,0.7693251533742331
1318,4,0,kitchen,0.8470347648261759
1319,5,0,kitchen,0.7697341513292434
1320,6,0,kitchen,0.84560327198364
1321,7,0,kitchen,0.7543967280163599
1322,8,0,kitchen,0.7858895705521473
1323,9,0,kitchen,0.841717791411043
1324,10,0,kitchen,0.7323108384458078
1325,11,0,kitchen,0.8717791411042944
1326,12,0,kitchen,0.8470347648261759
1327,13,0,kitchen,0.8652351738241308
1328,14,0,kitchen,0.721881390593047
1329,15,0,kitchen,0.7805725971370143
1330,16,0,kitchen,0.7950920245398773
1331,17,0,kitchen,0.7537832310838446
1332,18,0,kitchen,0.807361963190184
1333,19,0,kitchen,0.8253578732106339
1334,20,0,kitchen,0.7758691206543967
1335,21,0,kitchen,0.8026584867075665
1336,22,0,kitchen,0.8316973415132924
1337,23,0,kitchen,0.7916155419222903
1338,24,0,kitchen,0.8304703476482618
1339,0,0,office,0.9028629856850716
1340,1,0,office,0.9206543967280164
1341,2,0,office,0.9241308793456032
1342,3,0,office,0.9151329243353783
1343,4,0,office,0.929038854805726
1344,5,0,office,0.9253578732106339
1345,6,0,office,0.9257668711656442
1346,7,0,office,0.9096114519427403
1347,8,0,office,0.9286298568507158
1348,9,0,office,0.9349693251533743
1349,10,0,office,0.9304703476482618
1350,11,0,office,0.9243353783231084
1351,12,0,office,0.9333333333333333
1352,13,0,office,0.9040899795501023
1353,14,0,office,0.9349693251533743
1354,15,0,office,0.9335378323108384
1355,16,0,office,0.9300613496932515
1356,17,0,office,0.9263803680981595
1357,18,0,office,0.9280163599182004
1358,19,0,office,0.9171779141104295
1359,20,0,office,0.9302658486707567
1360,21,0,office,0.9269938650306748
1361,22,0,office,0.9376278118609407
1362,23,0,office,0.9300613496932515
1363,24,0,office,0.9321063394683027
1364,0,0,living,0.8809815950920246
1365,1,0,living,0.8820040899795502
1366,2,0,living,0.8793456032719836
1367,3,0,living,0.8564417177914111
1368,4,0,living,0.8840490797546012
1369,5,0,living,0.8860940695296523
1370,6,0,living,0.880163599182004
1371,7,0,living,0.8568507157464212
1372,8,0,living,0.8897750511247444
1373,9,0,living,0.872597137014315
1374,10,0,living,0.8787321063394683
1375,11,0,living,0.876482617586912
1376,12,0,living,0.8844580777096115
1377,13,0,living,0.8840490797546012
1378,14,0,living,0.8627811860940695
1379,15,0,living,0.8621676891615542
1380,16,0,living,0.8891615541922291
1381,17,0,living,0.8910020449897751
1382,18,0,living,0.8758691206543967
1383,19,0,living,0.8916155419222904
1384,20,0,living,0.8789366053169734
1385,21,0,living,0.8541922290388548
1386,22,0,living,0.8695296523517383
1387,23,0,living,0.8871165644171779
1388,24,0,living,0.8824130879345603
1389,0,-3,white,0.09550102249488752
1390,1,-3,white,0.09795501022494887
1391,2,-3,white,0.09366053169734151
1392,3,-3,white,0.1032719836400818
1393,4,-3,white,0.12535787321063394
1394,5,-3,white,0.11022494887525562
1395,6,-3,white,0.13312883435582823
1396,7,-3,white,0.09284253578732106
1397,8,-3,white,0.10736196319018405
1398,9,-3,white,0.10736196319018405
1399,10,-3,white,0.10122699386503067
1400,11,-3,white,0.1343558282208589
1401,12,-3,white,0.1049079754601227
1402,13,-3,white,0.10265848670756646
1403,14,-3,white,0.09182004089979551
1404,15,-3,white,0.09550102249488752
1405,16,-3,white,0.09366053169734151
1406,17,-3,white,0.09795501022494887
1407,18,-3,white,0.10756646216768916
1408,19,-3,white,0.1130879345603272
1409,20,-3,white,0.10061349693251534
1410,21,-3,white,0.11390593047034765
1411,22,-3,white,0.14192229038854806
1412,23,-3,white,0.09938650306748466
1413,24,-3,white,0.09856850715746421
1414,0,-3,pink,0.0850715746421268
1415,1,-3,pink,0.09161554192229039
1416,2,-3,pink,0.08466257668711656
1417,3,-3,pink,0.08711656441717791
1418,4,-3,pink,0.09161554192229039
1419,5,-3,pink,0.08711656441717791
1420,6,-3,pink,0.09550102249488752
1421,7,-3,pink,0.08650306748466258
1422,8,-3,pink,0.08548057259713701
1423,9,-3,pink,0.08834355828220859
1424,10,-3,pink,0.08813905930470348
1425,11,-3,pink,0.09468302658486707
1426,12,-3,pink,0.0852760736196319
1427,13,-3,pink,0.09079754601226994
1428,14,-3,pink,0.08466257668711656
1429,15,-3,pink,0.0869120654396728
1430,16,-3,pink,0.08609406952965235
1431,17,-3,pink,0.08711656441717791
1432,18,-3,pink,0.08629856850715746
1433,19,-3,pink,0.09141104294478528
1434,20,-3,pink,0.08773006134969324
1435,21,-3,pink,0.09100204498977506
1436,22,-3,pink,0.09243353783231084
1437,23,-3,pink,0.08752556237218814
1438,24,-3,pink,0.08486707566462168
1439,0,-3,babble,0.5087934560327199
1440,1,-3,babble,0.5323108384458077
1441,2,-3,babble,0.47116564417177914
1442,3,-3,babble,0.5844580777096114
1443,4,-3,babble,0.5038854805725972
1444,5,-3,babble,0.4601226993865031
1445,6,-3,babble,0.5916155419222904
1446,7,-3,babble,0.5488752556237219
1447,8,-3,babble,0.5482617586912065
1448,9,-3,babble,0.5159509202453988
1449,10,-3,babble,0.4179959100204499
1450,11,-3,babble,0.5040899795501023
1451,12,-3,babble,0.5423312883435583
1452,13,-3,babble,0.5298568507157464
1453,14,-3,babble,0.5296523517382413
1454,15,-3,babble,0.5261758691206544
1455,16,-3,babble,0.5026584867075664
1456,17,-3,babble,0.5337423312883436
1457,18,-3,babble,0.4703476482617587
1458,19,-3,babble,0.498159509202454
1459,20,-3,babble,0.50920245398773
1460,21,-3,babble,0.5177914110429448
1461,22,-3,babble,0.596319018404908
1462,23,-3,babble,0.523517382413088
1463,24,-3,babble,0.48057259713701433
1464,0,-3,kitchen,0.7184049079754601
1465,1,-3,kitchen,0.57280163599182
1466,2,-3,kitchen,0.6881390593047034
1467,3,-3,kitchen,0.6451942740286298
1468,4,-3,kitchen,0.781799591002045
1469,5,-3,kitchen,0.6813905930470348
1470,6,-3,kitchen,0.7697341513292434
1471,7,-3,kitchen,0.6288343558282209
1472,8,-3,kitchen,0.6828220858895706
1473,9,-3,kitchen,0.7402862985685071
1474,10,-3,kitchen,0.614519427402863
1475,11,-3,kitchen,0.8139059304703476
1476,12,-3,kitchen,0.7494887525562373
1477,13,-3,kitchen,0.7809815950920246
1478,14,-3,kitchen,0.5652351738241309
1479,15,-3,kitchen,0.6417177914110429
1480,16,-3,kitchen,0.6725971370143149
1481,17,-3,kitchen,0.6312883435582822
1482,18,-3,kitchen,0.7132924335378323
1483,19,-3,kitchen,0.7343558282208589
1484,20,-3,kitchen,0.6124744376278118
1485,21,-3,kitchen,0.708997955010225
1486,22,-3,kitchen,0.7476482617586913
1487,23,-3,kitchen,0.6642126789366053
1488,24,-3,kitchen,0.752760736196319
1489,0,-3,office,0.8793456032719836
1490,1,-3,office,0.9012269938650307
1491,2,-3,office,0.912678936605317
1492,3,-3,office,0.894478527607362
1493,4,-3,office,0.9190184049079755
1494,5,-3,office,0.9132924335378323
1495,6,-3,office,0.9161554192229039
1496,7,-3,office,0.8858895705521472
1497,8,-3,office,0.9173824130879346
1498,9,-3,office,0.9257668711656442
1499,10,-3,office,0.9192229038854806
1500,11,-3,office,0.9124744376278119
1501,12,-3,office,0.9241308793456032
1502,13,-3,office,0.881799591002045
1503,14,-3,office,0.92719836400818
1504,15,-3,office,0.9241308793456032
1505,16,-3,office,0.9198364008179959
1506,17,-3,office,0.9161554192229039
1507,18,-3,office,0.9157464212678936
1508,19,-3,office,0.9030674846625767
1509,20,-3,office,0.9198364008179959
1510,21,-3,office,0.9167689161554192
1511,22,-3,office,0.9312883435582822
1512,23,-3,office,0.9190184049079755
1513,24,-3,office,0.9212678936605317
1514,0,-3,living,0.8312883435582822
1515,1,-3,living,0.8231083844580777
1516,2,-3,living,0.8212678936605317
1517,3,-3,living,0.7793456032719837
1518,4,-3,living,0.8423312883435583
1519,5,-3,living,0.8343558282208589
1520,6,-3,living,0.8284253578732106
1521,7,-3,living,0.7766871165644171
1522,8,-3,living,0.843558282208589
1523,9,-3,living,0.8294478527607362
1524,10,-3,living,0.8271983640081799
1525,11,-3,living,0.8267893660531698
1526,12,-3,living,0.8388548057259714
1527,13,-3,living,0.8359918200408998
1528,14,-3,living,0.7918200408997955
1529,15,-3,living,0.801840490797546
1530,16,-3,living,0.8423312883435583
1531,17,-3,living,0.8476482617586912
1532,18,-3,living,0.8274028629856851
1533,19,-3,living,0.8576687116564418
1534,20,-3,living,0.8251533742331288
1535,21,-3,living,0.772597137014315
1536,22,-3,living,0.812678936605317
1537,23,-3,living,0.8335378323108384
1538,24,-3,living,0.8386503067484663
